Image Name,MajorityVoting,Predicted Label
20180825T010509.380444Z,[15.  0.  0.],Slab
20180825T010502.729973Z,[15.  0.  0.],Slab
20180825T010455.683673Z,[14.  0.  1.],Slab
